date,max_temp_c,min_temp_c,max_temp_f,min_temp_f,avg_temp_c,avg_temp_f,uv_index,sun_hour
2023-01-01,9,3,49,37,6.0,43.0,2,1.0
2023-01-02,3,0,37,32,1.5,34.5,1,8.0
2023-01-03,5,1,40,34,3.0,37.0,1,6.0
2023-01-04,7,3,44,38,5.0,41.0,2,1.0
2023-01-05,3,-2,37,28,0.5,32.5,1,2.0
2023-01-06,1,-2,33,29,-0.5,31.0,1,1.0
2023-01-07,3,1,37,33,2.0,35.0,1,1.0
2023-01-08,1,-6,34,20,-2.5,27.0,1,9.0
2023-01-09,5,-1,41,31,2.0,36.0,1,3.0
2023-01-10,2,-2,36,29,0.0,32.5,1,1.0
2023-01-11,-1,-5,30,24,-3.0,27.0,2,10.0
2023-01-12,0,-5,32,23,-2.5,27.5,2,10.0
2023-01-13,9,0,49,32,4.5,40.5,2,1.0
2023-01-14,10,-3,49,27,3.5,38.0,1,1.0
2023-01-15,1,-2,33,28,-0.5,30.5,1,1.0
2023-01-16,4,1,39,33,2.5,36.0,1,1.0
2023-01-17,3,1,37,34,2.0,35.5,1,1.0
2023-01-18,5,2,41,35,3.5,38.0,1,8.0
2023-01-19,3,-1,38,30,1.0,34.0,1,1.0
2023-01-20,1,-2,34,29,-0.5,31.5,1,1.0
2023-01-21,0,-2,32,28,-1.0,30.0,1,2.0
2023-01-22,2,-3,35,26,-0.5,30.5,1,9.0
2023-01-23,4,1,39,33,2.5,36.0,1,1.0
2023-01-24,2,-2,36,28,0.0,32.0,1,6.0
2023-01-25,1,-7,34,20,-3.0,27.0,1,10.0
2023-01-26,9,-4,48,25,2.5,36.5,1,1.0
2023-01-27,5,-3,41,26,1.0,33.5,1,2.0
2023-01-28,5,-4,40,26,0.5,33.0,1,6.0
2023-01-29,5,0,42,32,2.5,37.0,1,6.0
2023-01-30,7,-2,44,28,2.5,36.0,1,6.0
2023-01-31,-2,-6,29,21,-4.0,25.0,1,2.0
2023-02-01,-6,-9,22,17,-7.5,19.5,1,8.0
2023-02-02,0,-7,33,20,-3.5,26.5,1,3.0
2023-02-03,3,-25,38,-13,-11.0,12.5,1,1.0
2023-02-04,-13,-26,9,-15,-19.5,-3.0,1,1.0
2023-02-05,5,-13,41,9,-4.0,25.0,1,1.0
2023-02-06,6,-4,42,25,1.0,33.5,1,7.0
2023-02-07,-1,-7,31,20,-4.0,25.5,2,10.0
2023-02-08,5,-3,41,26,1.0,33.5,1,5.0
2023-02-09,0,-4,32,25,-2.0,28.5,1,7.0
2023-02-10,8,-1,46,30,3.5,38.0,1,1.0
2023-02-11,3,-5,38,24,-1.0,31.0,1,2.0
2023-02-12,5,-3,40,27,1.0,33.5,2,10.0
2023-02-13,2,-2,35,29,0.0,32.0,1,1.0
2023-02-14,-2,-3,29,27,-2.5,28.0,1,1.0
2023-02-15,6,-2,42,28,2.0,35.0,1,5.0
2023-02-16,8,5,47,40,6.5,43.5,2,1.0
2023-02-17,9,-4,47,26,2.5,36.5,1,2.0
2023-02-18,-1,-8,31,18,-4.5,24.5,1,5.0
2023-02-19,4,1,39,33,2.5,36.0,1,10.0
2023-02-20,8,4,46,39,6.0,42.5,2,1.0
2023-02-21,5,-3,40,27,1.0,33.5,1,7.0
2023-02-22,2,-2,35,28,0.0,31.5,1,6.0
2023-02-23,-2,-7,28,19,-4.5,23.5,1,2.0
2023-02-24,-6,-9,20,16,-7.5,18.0,1,1.0
2023-02-25,-9,-13,16,9,-11.0,12.5,1,1.0
2023-02-26,-5,-12,23,11,-8.5,17.0,1,7.0
2023-02-27,-5,-9,24,16,-7.0,20.0,1,6.0
2023-02-28,-3,-9,27,15,-6.0,21.0,1,1.0
2023-03-01,2,-4,36,24,-1.0,30.0,1,1.0
2023-03-02,2,-2,36,28,0.0,32.0,1,2.0
2023-03-03,0,-3,33,26,-1.5,29.5,1,6.0
2023-03-04,-3,-4,27,24,-3.5,25.5,1,1.0
2023-03-05,4,-5,39,24,-0.5,31.5,1,8.0
2023-03-06,2,-2,36,29,0.0,32.5,1,1.0
2023-03-07,1,-2,34,29,-0.5,31.5,1,7.0
2023-03-08,2,0,36,32,1.0,34.0,1,2.0
2023-03-09,2,-1,36,31,0.5,33.5,1,5.0
2023-03-10,2,-1,35,30,0.5,32.5,1,8.0
2023-03-11,3,-4,37,25,-0.5,31.0,1,11.0
2023-03-12,5,-2,40,28,1.5,34.0,1,10.0
2023-03-13,4,-4,38,26,0.0,32.0,1,7.0
2023-03-14,3,-3,38,26,0.0,32.0,1,1.0
2023-03-15,3,-1,37,30,1.0,33.5,1,1.0
2023-03-16,2,-2,36,29,0.0,32.5,1,1.0
2023-03-17,4,0,39,32,2.0,35.5,1,7.0
2023-03-18,7,1,45,34,4.0,39.5,1,1.0
2023-03-19,3,-2,38,29,0.5,33.5,1,4.0
2023-03-20,3,-4,38,25,-0.5,31.5,1,5.0
2023-03-21,6,0,43,33,3.0,38.0,1,9.0
2023-03-22,4,0,39,32,2.0,35.5,2,12.0
2023-03-23,4,-1,39,31,1.5,35.0,1,1.0
2023-03-24,5,2,42,35,3.5,38.5,1,8.0
2023-03-25,4,-1,39,31,1.5,35.0,1,10.0
2023-03-26,6,-1,42,31,2.5,36.5,1,2.0
2023-03-27,4,0,39,33,2.0,36.0,1,3.0
2023-03-28,4,0,39,32,2.0,35.5,1,8.0
2023-03-29,5,0,40,32,2.5,36.0,1,10.0
2023-03-30,4,-3,39,26,0.5,32.5,1,2.0
2023-03-31,3,-4,37,25,-0.5,31.0,1,11.0
2023-04-01,9,0,49,32,4.5,40.5,1,1.0
2023-04-02,8,-2,46,29,3.0,37.5,1,9.0
2023-04-03,4,-4,40,25,0.0,32.5,1,11.0
2023-04-04,9,2,48,35,5.5,41.5,2,9.0
2023-04-05,5,-1,42,31,2.0,36.5,1,4.0
2023-04-06,9,0,48,32,4.5,40.0,1,1.0
2023-04-07,8,1,47,33,4.5,40.0,1,9.0
2023-04-08,2,-3,36,27,-0.5,31.5,1,9.0
2023-04-09,4,-2,40,29,1.0,34.5,2,13.0
2023-04-10,9,1,47,35,5.0,41.0,2,14.0
2023-04-11,13,4,56,38,8.5,47.0,3,14.0
2023-04-12,9,6,48,43,7.5,45.5,2,7.0
2023-04-13,12,4,54,39,8.0,46.5,2,13.0
2023-04-14,13,7,55,45,10.0,50.0,2,13.0
2023-04-15,15,6,59,42,10.5,50.5,3,14.0
2023-04-16,15,7,59,45,11.0,52.0,3,8.0
2023-04-17,17,7,62,45,12.0,53.5,3,1.0
2023-04-18,16,7,60,45,11.5,52.5,2,13.0
2023-04-19,8,5,47,41,6.5,44.0,2,9.0
2023-04-20,8,4,46,38,6.0,42.0,2,14.0
2023-04-21,9,3,49,37,6.0,43.0,3,14.0
2023-04-22,10,3,50,37,6.5,43.5,2,14.0
2023-04-23,13,3,56,37,8.0,46.5,2,14.0
2023-04-24,11,5,53,40,8.0,46.5,2,13.0
2023-04-25,10,4,50,40,7.0,45.0,2,4.0
2023-04-26,9,5,49,41,7.0,45.0,2,4.0
2023-04-27,10,5,50,41,7.5,45.5,2,10.0
2023-04-28,12,4,53,39,8.0,46.0,3,14.0
2023-04-29,13,5,56,41,9.0,48.5,3,14.0
2023-04-30,12,3,54,38,7.5,46.0,3,14.0
2023-05-01,11,7,51,44,9.0,47.5,2,3.0
2023-05-02,13,7,55,44,10.0,49.5,2,7.0
2023-05-03,8,5,46,40,6.5,43.0,2,1.0
2023-05-04,7,4,44,39,5.5,41.5,2,1.0
2023-05-05,10,4,50,39,7.0,44.5,2,8.0
2023-05-06,14,5,57,41,9.5,49.0,2,12.0
2023-05-07,17,7,62,44,12.0,53.0,4,14.0
2023-05-08,13,6,55,42,9.5,48.5,2,13.0
2023-05-09,10,5,50,41,7.5,45.5,2,12.0
2023-05-10,13,6,55,42,9.5,48.5,2,11.0
2023-05-11,17,7,63,45,12.0,54.0,3,14.0
2023-05-12,18,8,64,47,13.0,55.5,4,15.0
2023-05-13,15,7,58,45,11.0,51.5,3,9.0
2023-05-14,10,5,51,42,7.5,46.5,2,10.0
2023-05-15,15,6,58,43,10.5,50.5,3,14.0
2023-05-16,14,8,57,46,11.0,51.5,3,4.0
2023-05-17,10,5,50,41,7.5,45.5,2,12.0
2023-05-18,10,4,50,40,7.0,45.0,2,12.0
2023-05-19,14,6,58,42,10.0,50.0,2,14.0
2023-05-20,17,7,63,45,12.0,54.0,3,15.0
2023-05-21,15,10,59,49,12.5,54.0,3,3.0
2023-05-22,13,8,56,47,10.5,51.5,3,15.0
2023-05-23,14,6,57,42,10.0,49.5,3,15.0
2023-05-24,15,5,59,40,10.0,49.5,3,15.0
2023-05-25,11,7,53,44,9.0,48.5,2,11.0
2023-05-26,9,6,47,43,7.5,45.0,2,1.0
2023-05-27,17,8,63,46,12.5,54.5,4,15.0
2023-05-28,21,10,69,50,15.5,59.5,5,15.0
2023-05-29,14,9,57,49,11.5,53.0,4,15.0
2023-05-30,15,7,60,45,11.0,52.5,4,15.0
2023-05-31,17,8,63,47,12.5,55.0,4,15.0
2023-06-01,22,11,71,51,16.5,61.0,5,16.0
2023-06-02,20,9,68,48,14.5,58.0,3,12.0
2023-06-03,8,6,47,43,7.0,45.0,2,1.0
2023-06-04,11,7,51,44,9.0,47.5,2,1.0
2023-06-05,12,9,53,47,10.5,50.0,2,1.0
2023-06-06,9,9,49,47,9.0,48.0,2,1.0
2023-06-07,11,8,52,47,9.5,49.5,2,1.0
2023-06-08,13,7,56,45,10.0,50.5,3,7.0
2023-06-09,13,8,55,47,10.5,51.0,3,8.0
2023-06-10,13,9,55,49,11.0,52.0,3,1.0
2023-06-11,17,9,62,49,13.0,55.5,4,16.0
2023-06-12,20,11,68,51,15.5,59.5,5,16.0
2023-06-13,21,12,70,54,16.5,62.0,4,10.0
2023-06-14,17,13,63,55,15.0,59.0,3,4.0
2023-06-15,18,11,65,51,14.5,58.0,3,10.0
2023-06-16,18,11,64,51,14.5,57.5,3,11.0
2023-06-17,19,12,66,53,15.5,59.5,3,10.0
2023-06-18,16,11,61,52,13.5,56.5,3,1.0
2023-06-19,12,9,54,49,10.5,51.5,3,1.0
2023-06-20,14,9,58,48,11.5,53.0,3,10.0
2023-06-21,18,11,65,51,14.5,58.0,4,16.0
2023-06-22,19,10,65,51,14.5,58.0,4,16.0
2023-06-23,19,10,67,50,14.5,58.5,4,9.0
2023-06-24,22,14,72,58,18.0,65.0,4,7.0
2023-06-25,19,15,66,60,17.0,63.0,4,6.0
2023-06-26,19,14,66,58,16.5,62.0,4,1.0
2023-06-27,22,14,71,57,18.0,64.0,4,1.0
2023-06-28,22,18,72,65,20.0,68.5,4,5.0
2023-06-29,20,18,69,64,19.0,66.5,4,1.0
2023-06-30,21,17,70,63,19.0,66.5,4,4.0
2023-07-01,22,17,72,62,19.5,67.0,4,6.0
2023-07-02,22,16,71,61,19.0,66.0,4,1.0
2023-07-03,20,17,68,62,18.5,65.0,4,1.0
2023-07-04,21,14,70,56,17.5,63.0,4,5.0
2023-07-05,22,15,71,58,18.5,64.5,4,7.0
2023-07-06,22,15,72,59,18.5,65.5,4,9.0
2023-07-07,23,16,74,61,19.5,67.5,4,11.0
2023-07-08,23,14,73,58,18.5,65.5,4,10.0
2023-07-09,24,16,75,60,20.0,67.5,5,10.0
2023-07-10,23,18,73,64,20.5,68.5,4,1.0
2023-07-11,23,16,73,61,19.5,67.0,4,2.0
2023-07-12,23,16,74,60,19.5,67.0,4,9.0
2023-07-13,24,16,75,61,20.0,68.0,5,12.0
2023-07-14,25,16,76,61,20.5,68.5,5,11.0
2023-07-15,24,19,74,65,21.5,69.5,5,3.0
2023-07-16,26,19,78,66,22.5,72.0,5,9.0
2023-07-17,23,20,73,68,21.5,70.5,5,1.0
2023-07-18,25,19,76,66,22.0,71.0,5,2.0
2023-07-19,23,18,73,64,20.5,68.5,5,5.0
2023-07-20,22,17,71,62,19.5,66.5,4,8.0
2023-07-21,22,18,71,64,20.0,67.5,4,5.0
2023-07-22,23,18,74,64,20.5,69.0,5,5.0
2023-07-23,22,16,71,61,19.0,66.0,4,7.0
2023-07-24,24,15,75,59,19.5,67.0,4,13.0
2023-07-25,24,16,75,61,20.0,68.0,5,13.0
2023-07-26,23,17,74,62,20.0,68.0,4,8.0
2023-07-27,25,18,76,65,21.5,70.5,5,6.0
2023-07-28,23,16,73,62,19.5,67.5,4,10.0
2023-07-29,23,17,73,62,20.0,67.5,5,10.0
2023-07-30,20,14,68,57,17.0,62.5,4,13.0
2023-07-31,21,14,70,57,17.5,63.5,4,11.0
2023-08-01,19,13,66,56,16.0,61.0,4,12.0
2023-08-02,20,14,68,56,17.0,62.0,4,14.0
2023-08-03,20,13,69,55,16.5,62.0,5,14.0
2023-08-04,22,14,71,57,18.0,64.0,4,9.0
2023-08-05,20,15,68,58,17.5,63.0,4,4.0
2023-08-06,20,14,69,57,17.0,63.0,4,13.0
2023-08-07,21,14,70,57,17.5,63.5,4,13.0
2023-08-08,23,16,73,60,19.5,66.5,4,1.0
2023-08-09,19,16,67,60,17.5,63.5,4,3.0
2023-08-10,22,14,71,58,18.0,64.5,5,14.0
2023-08-11,19,16,66,60,17.5,63.0,4,2.0
2023-08-12,21,14,69,58,17.5,63.5,5,14.0
2023-08-13,23,15,73,59,19.0,66.0,4,1.0
2023-08-14,21,14,69,58,17.5,63.5,4,6.0
2023-08-15,20,14,67,58,17.0,62.5,4,4.0
2023-08-16,21,15,70,59,18.0,64.5,4,4.0
2023-08-17,23,16,73,60,19.5,66.5,4,8.0
2023-08-18,22,17,72,62,19.5,67.0,4,3.0
2023-08-19,21,15,70,60,18.0,65.0,4,7.0
2023-08-20,20,15,68,59,17.5,63.5,4,12.0
2023-08-21,21,15,70,59,18.0,64.5,4,9.0
2023-08-22,19,15,67,58,17.0,62.5,4,14.0
2023-08-23,18,12,64,54,15.0,59.0,4,14.0
2023-08-24,21,13,69,56,17.0,62.5,5,14.0
2023-08-25,18,13,64,56,15.5,60.0,4,7.0
2023-08-26,18,15,65,60,16.5,62.5,4,1.0
2023-08-27,19,15,67,58,17.0,62.5,4,2.0
2023-08-28,20,13,69,55,16.5,62.0,4,13.0
2023-08-29,22,14,71,56,18.0,63.5,4,8.0
2023-08-30,22,16,72,61,19.0,66.5,4,1.0
2023-08-31,17,13,63,55,15.0,59.0,3,9.0
2023-09-01,18,11,64,53,14.5,58.5,4,13.0
2023-09-02,20,12,69,53,16.0,61.0,4,12.0
2023-09-03,21,13,70,56,17.0,63.0,5,13.0
2023-09-04,21,14,69,57,17.5,63.0,4,9.0
2023-09-05,22,14,71,57,18.0,64.0,4,7.0
2023-09-06,21,15,69,59,18.0,64.0,4,3.0
2023-09-07,21,15,70,60,18.0,65.0,4,8.0
2023-09-08,25,17,77,63,21.0,70.0,5,9.0
2023-09-09,23,18,74,65,20.5,69.5,5,8.0
2023-09-10,22,16,71,62,19.0,66.5,4,3.0
2023-09-11,21,17,70,63,19.0,66.5,4,1.0
2023-09-12,21,17,69,62,19.0,65.5,4,1.0
2023-09-13,22,18,72,64,20.0,68.0,4,3.0
2023-09-14,20,16,67,61,18.0,64.0,4,1.0
2023-09-15,18,13,64,55,15.5,59.5,4,5.0
2023-09-16,20,14,68,57,17.0,62.5,4,1.0
2023-09-17,18,13,65,55,15.5,60.0,3,6.0
2023-09-18,19,13,66,56,16.0,61.0,4,6.0
2023-09-19,17,14,63,57,15.5,60.0,4,1.0
2023-09-20,16,13,61,55,14.5,58.0,3,4.0
2023-09-21,16,10,61,49,13.0,55.0,3,9.0
2023-09-22,14,6,57,43,10.0,50.0,3,11.0
2023-09-23,15,8,60,46,11.5,53.0,3,6.0
2023-09-24,16,9,61,48,12.5,54.5,3,11.0
2023-09-25,16,9,60,49,12.5,54.5,3,10.0
2023-09-26,14,8,58,47,11.0,52.5,4,12.0
2023-09-27,16,9,61,48,12.5,54.5,3,12.0
2023-09-28,17,6,62,43,11.5,52.5,3,11.0
2023-09-29,17,8,63,46,12.5,54.5,3,10.0
2023-09-30,17,9,63,49,13.0,56.0,3,8.0
2023-10-01,17,7,63,44,12.0,53.5,3,10.0
2023-10-02,17,9,63,49,13.0,56.0,3,10.0
2023-10-03,18,11,65,52,14.5,58.5,3,10.0
2023-10-04,18,12,64,54,15.0,59.0,3,5.0
2023-10-05,20,12,68,53,16.0,60.5,4,7.0
2023-10-06,21,13,69,55,17.0,62.0,4,7.0
2023-10-07,18,14,64,57,16.0,60.5,4,3.0
2023-10-08,17,10,63,50,13.5,56.5,3,6.0
2023-10-09,15,10,59,49,12.5,54.0,3,5.0
2023-10-10,15,10,59,49,12.5,54.0,3,9.0
2023-10-11,16,10,61,49,13.0,55.0,3,5.0
2023-10-12,16,9,60,49,12.5,54.5,3,1.0
2023-10-13,11,9,52,48,10.0,50.0,3,1.0
2023-10-14,12,10,54,49,11.0,51.5,3,3.0
2023-10-15,12,9,54,48,10.5,51.0,3,6.0
2023-10-16,12,9,53,48,10.5,50.5,2,2.0
2023-10-17,9,8,47,46,8.5,46.5,2,1.0
2023-10-18,12,6,53,43,9.0,48.0,2,7.0
2023-10-19,14,9,58,48,11.5,53.0,3,6.0
2023-10-20,17,9,63,48,13.0,55.5,3,9.0
2023-10-21,17,13,62,55,15.0,58.5,3,1.0
2023-10-22,14,9,56,48,11.5,52.0,3,1.0
2023-10-23,9,6,48,43,7.5,45.5,2,2.0
2023-10-24,11,5,52,41,8.0,46.5,3,11.0
2023-10-25,15,8,60,47,11.5,53.5,3,3.0
2023-10-26,17,11,63,52,14.0,57.5,4,11.0
2023-10-27,19,11,66,51,15.0,58.5,3,6.0
2023-10-28,20,12,67,54,16.0,60.5,4,7.0
2023-10-29,12,5,54,41,8.5,47.5,2,11.0
2023-10-30,7,2,45,35,4.5,40.0,1,1.0
2023-10-31,6,2,43,35,4.0,39.0,1,4.0
2023-11-01,3,1,38,35,2.0,36.5,1,2.0
2023-11-02,6,1,42,33,3.5,37.5,2,10.0
2023-11-03,9,4,49,39,6.5,44.0,2,4.0
2023-11-04,12,8,54,46,10.0,50.0,2,4.0
2023-11-05,9,6,49,42,7.5,45.5,2,7.0
2023-11-06,5,1,41,34,3.0,37.5,1,9.0
2023-11-07,12,3,53,38,7.5,45.5,2,1.0
2023-11-08,10,1,50,34,5.5,42.0,1,1.0
2023-11-09,3,-1,38,30,1.0,34.0,1,5.0
2023-11-10,8,1,46,35,4.5,40.5,2,3.0
2023-11-11,6,3,42,37,4.5,39.5,1,5.0
2023-11-12,4,1,39,34,2.5,36.5,1,6.0
2023-11-13,2,0,36,32,1.0,34.0,1,9.0
2023-11-14,4,-1,39,31,1.5,35.0,1,4.0
2023-11-15,5,2,40,35,3.5,37.5,1,8.0
2023-11-16,8,4,46,39,6.0,42.5,2,7.0
2023-11-17,12,3,53,37,7.5,45.0,2,7.0
2023-11-18,14,5,57,42,9.5,49.5,3,1.0
2023-11-19,5,1,42,33,3.0,37.5,1,8.0
2023-11-20,4,0,39,32,2.0,35.5,1,3.0
2023-11-21,2,-1,36,30,0.5,33.0,2,9.0
2023-11-22,6,-1,43,30,2.5,36.5,1,1.0
2023-11-23,9,4,48,39,6.5,43.5,2,1.0
2023-11-24,6,-3,42,26,1.5,34.0,1,4.0
2023-11-25,-1,-5,31,22,-3.0,26.5,1,6.0
2023-11-26,6,-1,43,31,2.5,37.0,1,1.0
2023-11-27,10,2,50,35,6.0,42.5,2,1.0
2023-11-28,6,1,43,34,3.5,38.5,1,4.0
2023-11-29,0,-2,32,29,-1.0,30.5,1,1.0
2023-11-30,5,-1,41,30,2.0,35.5,1,2.0
2023-12-01,10,4,49,39,7.0,44.0,2,2.0
2023-12-02,8,5,46,41,6.5,43.5,2,1.0
2023-12-03,5,2,41,35,3.5,38.0,1,1.0
2023-12-04,2,0,35,32,1.0,33.5,1,1.0
2023-12-05,1,-3,34,27,-1.0,30.5,1,1.0
2023-12-06,-2,-6,29,22,-4.0,25.5,1,7.0
2023-12-07,0,-4,31,26,-2.0,28.5,1,6.0
2023-12-08,2,-3,36,26,-0.5,31.0,1,9.0
2023-12-09,4,-3,39,27,0.5,33.0,2,9.0
2023-12-10,12,2,54,35,7.0,44.5,2,3.0
2023-12-11,15,6,59,42,10.5,50.5,3,1.0
2023-12-12,5,1,41,33,3.0,37.0,1,9.0
2023-12-13,5,-1,41,30,2.0,35.5,1,5.0
2023-12-14,-2,-4,29,24,-3.0,26.5,1,9.0
2023-12-15,6,-1,42,31,2.5,36.5,1,8.0
2023-12-16,4,-1,40,30,1.5,35.0,2,9.0
2023-12-17,8,-2,47,28,3.0,37.5,1,5.0
2023-12-18,15,9,60,48,12.0,54.0,3,1.0
2023-12-19,15,5,59,41,10.0,50.0,2,7.0
2023-12-20,5,2,42,36,3.5,39.0,1,1.0
2023-12-21,2,-4,35,24,-1.0,29.5,1,6.0
2023-12-22,-3,-7,26,20,-5.0,23.0,2,9.0
2023-12-23,2,-4,36,25,-1.0,30.5,1,8.0
2023-12-24,5,0,42,31,2.5,36.5,1,1.0
2023-12-25,6,2,43,36,4.0,39.5,1,5.0
2023-12-26,7,3,45,37,5.0,41.0,1,8.0
2023-12-27,6,4,43,40,5.0,41.5,2,3.0
2023-12-28,6,3,42,38,4.5,40.0,1,2.0
2023-12-29,4,1,40,34,2.5,37.0,1,1.0
2023-12-30,4,1,38,34,2.5,36.0,1,1.0
2023-12-31,3,0,37,32,1.5,34.5,1,1.0
2024-01-01,1,-3,33,27,-1.0,30.0,1,3.0
2024-01-02,2,-3,36,26,-0.5,31.0,2,8.0
2024-01-03,3,-1,37,30,1.0,33.5,2,8.0
2024-01-04,3,0,37,33,1.5,35.0,1,2.0
2024-01-05,0,-7,31,20,-3.5,25.5,2,8.0
2024-01-06,-3,-7,27,20,-5.0,23.5,1,8.0
2024-01-07,-3,-7,26,20,-5.0,23.0,1,4.0
2024-01-08,-2,-4,29,25,-3.0,27.0,1,4.0
2024-01-09,-3,-5,27,23,-4.0,25.0,1,10.0
2024-01-10,8,-4,47,24,2.0,35.5,1,1.0
2024-01-11,5,2,41,36,3.5,38.5,1,3.0
2024-01-12,0,-3,33,26,-1.5,29.5,1,8.0
2024-01-13,8,-4,47,25,2.0,36.0,1,2.0
2024-01-14,7,1,45,33,4.0,39.0,1,2.0
2024-01-15,0,-2,33,28,-1.0,30.5,1,3.0
2024-01-16,3,-2,38,29,0.5,33.5,1,1.0
2024-01-17,8,-4,46,26,2.0,36.0,1,7.0
2024-01-18,-3,-5,26,23,-4.0,24.5,1,1.0
2024-01-19,-3,-6,26,21,-4.5,23.5,1,8.0
2024-01-20,-4,-8,25,18,-6.0,21.5,1,1.0
2024-01-21,-2,-4,28,24,-3.0,26.0,1,1.0
2024-01-22,2,-7,35,20,-2.5,27.5,2,10.0
2024-01-23,2,-5,36,23,-1.5,29.5,1,8.0
2024-01-24,-1,-7,30,19,-4.0,24.5,1,1.0
2024-01-25,4,0,40,32,2.0,36.0,1,1.0
2024-01-26,1,-3,35,26,-1.0,30.5,1,1.0
2024-01-27,1,-1,34,30,0.0,32.0,1,1.0
2024-01-28,2,0,36,32,1.0,34.0,1,1.0
2024-01-29,1,-6,34,20,-2.5,27.0,1,1.0
2024-01-30,-4,-7,25,19,-5.5,22.0,1,3.0
2024-01-31,-1,-11,31,12,-6.0,21.5,1,5.0
2024-02-01,3,0,37,32,1.5,34.5,1,1.0
2024-02-02,3,-2,37,28,0.5,32.5,1,1.0
2024-02-03,0,-4,33,24,-2.0,28.5,1,1.0
2024-02-04,-4,-5,26,22,-4.5,24.0,1,1.0
2024-02-05,-1,-3,31,26,-2.0,28.5,1,1.0
2024-02-06,0,-1,32,30,-0.5,31.0,1,1.0
2024-02-07,0,-5,33,24,-2.5,28.5,1,1.0
2024-02-08,0,-7,31,20,-3.5,25.5,1,8.0
2024-02-09,2,-9,35,16,-3.5,25.5,1,9.0
2024-02-10,7,-1,45,31,3.0,38.0,1,5.0
2024-02-11,4,3,39,37,3.5,38.0,1,6.0
2024-02-12,2,0,36,32,1.0,34.0,2,10.0
2024-02-13,1,-3,33,26,-1.0,29.5,1,4.0
2024-02-14,-3,-6,27,21,-4.5,24.0,1,4.0
2024-02-15,-1,-5,31,24,-3.0,27.5,1,5.0
2024-02-16,-2,-6,28,20,-4.0,24.0,1,1.0
2024-02-17,-2,-5,28,23,-3.5,25.5,1,2.0
2024-02-18,-2,-7,28,19,-4.5,23.5,1,1.0
2024-02-19,0,-4,33,25,-2.0,29.0,1,8.0
2024-02-20,-5,-8,23,17,-6.5,20.0,1,8.0
2024-02-21,-1,-10,31,13,-5.5,22.0,2,10.0
2024-02-22,2,-7,35,19,-2.5,27.0,1,6.0
2024-02-23,5,-5,41,23,0.0,32.0,1,3.0
2024-02-24,5,-7,41,19,-1.0,30.0,1,3.0
2024-02-25,-4,-9,24,16,-6.5,20.0,2,11.0
2024-02-26,3,-5,37,22,-1.0,29.5,1,2.0
2024-02-27,8,-3,47,26,2.5,36.5,1,10.0
2024-02-28,11,7,52,45,9.0,48.5,2,1.0
2024-02-29,12,-6,53,21,3.0,37.0,1,4.0
2024-03-01,0,-11,33,13,-5.5,23.0,1,1.0
2024-03-02,7,0,45,32,3.5,38.5,1,9.0
2024-03-03,8,5,46,41,6.5,43.5,2,1.0
2024-03-04,7,2,44,36,4.5,40.0,1,3.0
2024-03-05,7,1,44,33,4.0,38.5,1,6.0
2024-03-06,10,6,50,42,8.0,46.0,2,1.0
2024-03-07,6,-1,43,30,2.5,36.5,1,1.0
2024-03-08,0,-1,33,30,-0.5,31.5,1,1.0
2024-03-09,5,-2,41,29,1.5,35.0,2,12.0
2024-03-10,6,0,43,33,3.0,38.0,1,1.0
2024-03-11,5,1,41,34,3.0,37.5,1,1.0
2024-03-12,3,1,37,34,2.0,35.5,1,1.0
2024-03-13,4,2,39,35,3.0,37.0,1,2.0
2024-03-14,5,1,42,33,3.0,37.5,1,7.0
2024-03-15,4,1,38,33,2.5,35.5,1,1.0
2024-03-16,6,0,42,33,3.0,37.5,1,9.0
2024-03-17,5,3,41,37,4.0,39.0,1,1.0
2024-03-18,6,2,42,36,4.0,39.0,1,6.0
2024-03-19,4,1,39,33,2.5,36.0,1,11.0
2024-03-20,5,-1,42,30,2.0,36.0,1,4.0
2024-03-21,4,-2,40,28,1.0,34.0,1,1.0
2024-03-22,0,-4,32,25,-2.0,28.5,1,6.0
2024-03-23,7,-4,44,25,1.5,34.5,1,1.0
2024-03-24,11,0,51,31,5.5,41.0,1,4.0
2024-03-25,3,-2,38,29,0.5,33.5,1,3.0
2024-03-26,5,0,40,32,2.5,36.0,1,1.0
2024-03-27,11,4,52,39,7.5,45.5,2,1.0
2024-03-28,12,8,54,46,10.0,50.0,3,1.0
2024-03-29,12,8,53,47,10.0,50.0,2,1.0
2024-03-30,4,1,40,34,2.5,37.0,1,3.0
2024-03-31,3,0,38,32,1.5,35.0,2,12.0
2024-04-01,6,0,42,32,3.0,37.0,2,12.0
2024-04-02,6,1,44,33,3.5,38.5,1,12.0
2024-04-03,5,0,41,33,2.5,37.0,1,7.0
2024-04-04,2,-1,35,30,0.5,32.5,1,2.0
2024-04-05,5,2,40,36,3.5,38.0,1,1.0
2024-04-06,4,2,40,36,3.0,38.0,1,1.0
2024-04-07,4,1,39,34,2.5,36.5,1,2.0
2024-04-08,9,0,48,33,4.5,40.5,2,13.0
2024-04-09,6,1,43,33,3.5,38.0,2,14.0
2024-04-10,7,-1,45,30,3.0,37.5,1,10.0
2024-04-11,8,2,46,36,5.0,41.0,1,6.0
2024-04-12,15,8,59,46,11.5,52.5,3,1.0
2024-04-13,14,6,57,42,10.0,49.5,3,8.0
2024-04-14,8,5,46,40,6.5,43.0,2,6.0
2024-04-15,11,5,51,41,8.0,46.0,2,1.0
2024-04-16,10,5,51,41,7.5,46.0,2,10.0
2024-04-17,8,3,47,37,5.5,42.0,1,11.0
2024-04-18,9,3,48,37,6.0,42.5,2,13.0
2024-04-19,10,1,50,34,5.5,42.0,3,14.0
2024-04-20,7,3,44,38,5.0,41.0,2,1.0
2024-04-21,9,4,47,40,6.5,43.5,3,14.0
2024-04-22,6,3,43,38,4.5,40.5,1,13.0
2024-04-23,10,1,50,33,5.5,41.5,3,14.0
2024-04-24,10,1,49,34,5.5,41.5,2,8.0
2024-04-25,6,-2,42,28,2.0,35.0,2,14.0
2024-04-26,7,0,45,33,3.5,39.0,2,14.0
2024-04-27,9,2,48,36,5.5,42.0,3,14.0
2024-04-28,11,1,51,34,6.0,42.5,2,14.0
2024-04-29,10,6,50,42,8.0,46.0,2,1.0
2024-04-30,9,3,47,38,6.0,42.5,3,14.0
2024-05-01,10,4,51,39,7.0,45.0,2,14.0
2024-05-02,12,3,53,38,7.5,45.5,2,5.0
2024-05-03,9,4,49,40,6.5,44.5,2,6.0
2024-05-04,11,5,52,40,8.0,46.0,2,1.0
2024-05-05,12,5,53,41,8.5,47.0,3,14.0
2024-05-06,11,7,52,44,9.0,48.0,2,1.0
2024-05-07,14,7,56,44,10.5,50.0,2,13.0
2024-05-08,13,6,55,43,9.5,49.0,2,13.0
2024-05-09,9,6,48,42,7.5,45.0,2,1.0
2024-05-10,8,3,47,37,5.5,42.0,3,14.0
2024-05-11,10,6,49,43,8.0,46.0,2,2.0
2024-05-12,10,4,51,39,7.0,45.0,2,11.0
2024-05-13,13,7,55,44,10.0,49.5,2,13.0
2024-05-14,15,6,60,42,10.5,51.0,3,10.0
2024-05-15,16,9,60,48,12.5,54.0,3,11.0
2024-05-16,17,10,63,49,13.5,56.0,3,4.0
2024-05-17,18,10,65,51,14.0,58.0,3,11.0
2024-05-18,15,9,60,47,12.0,53.5,3,11.0
2024-05-19,12,8,54,47,10.0,50.5,2,1.0
2024-05-20,15,7,59,45,11.0,52.0,3,12.0
2024-05-21,17,8,62,47,12.5,54.5,3,11.0
2024-05-22,19,10,66,49,14.5,57.5,3,10.0
2024-05-23,19,12,67,54,15.5,60.5,4,8.0
2024-05-24,19,11,67,52,15.0,59.5,3,6.0
2024-05-25,15,8,60,46,11.5,53.0,3,14.0
2024-05-26,15,9,58,49,12.0,53.5,3,10.0
2024-05-27,16,8,61,47,12.0,54.0,4,15.0
2024-05-28,16,11,62,52,13.5,57.0,3,1.0
2024-05-29,17,12,63,53,14.5,58.0,3,7.0
2024-05-30,17,9,62,49,13.0,55.5,3,12.0
2024-05-31,12,9,53,48,10.5,50.5,4,16.0
2024-06-01,12,7,54,45,9.5,49.5,2,10.0
2024-06-02,16,7,60,44,11.5,52.0,3,9.0
2024-06-03,16,9,60,48,12.5,54.0,3,6.0
2024-06-04,17,9,63,47,13.0,55.0,3,11.0
2024-06-05,19,10,66,49,14.5,57.5,3,16.0
2024-06-06,21,11,69,51,16.0,60.0,4,15.0
2024-06-07,19,13,66,56,16.0,61.0,4,1.0
2024-06-08,18,11,64,53,14.5,58.5,3,8.0
2024-06-09,17,11,63,51,14.0,57.0,3,11.0
2024-06-10,17,11,62,51,14.0,56.5,3,8.0
2024-06-11,18,10,64,51,14.0,57.5,3,14.0
2024-06-12,18,11,65,52,14.5,58.5,3,12.0
2024-06-13,20,11,68,53,15.5,60.5,4,15.0
2024-06-14,22,14,72,56,18.0,64.0,4,10.0
2024-06-15,15,10,60,51,12.5,55.5,3,1.0
2024-06-16,17,9,63,49,13.0,56.0,4,16.0
2024-06-17,18,11,64,51,14.5,57.5,3,10.0
2024-06-18,22,13,71,56,17.5,63.5,4,12.0
2024-06-19,24,15,75,60,19.5,67.5,5,16.0
2024-06-20,25,18,77,64,21.5,70.5,5,15.0
2024-06-21,23,16,73,61,19.5,67.0,4,12.0
2024-06-22,18,14,65,57,16.0,61.0,4,12.0
2024-06-23,18,13,65,56,15.5,60.5,4,1.0
2024-06-24,20,16,67,61,18.0,64.0,4,1.0
2024-06-25,18,13,64,55,15.5,59.5,4,2.0
2024-06-26,23,13,73,55,18.0,64.0,5,16.0
2024-06-27,18,15,65,59,16.5,62.0,4,6.0
2024-06-28,17,11,63,52,14.0,57.5,3,14.0
2024-06-29,20,12,67,53,16.0,60.0,5,16.0
2024-06-30,19,14,66,58,16.5,62.0,4,1.0
2024-07-01,20,15,68,59,17.5,63.5,4,11.0
2024-07-02,22,13,72,55,17.5,63.5,5,16.0
2024-07-03,23,14,73,57,18.5,65.0,5,16.0
2024-07-04,23,14,73,57,18.5,65.0,5,16.0
2024-07-05,19,14,67,58,16.5,62.5,4,3.0
2024-07-06,18,15,65,60,16.5,62.5,4,1.0
2024-07-07,20,17,68,62,18.5,65.0,4,1.0
2024-07-08,23,16,73,61,19.5,67.0,4,3.0
2024-07-09,23,19,73,66,21.0,69.5,5,6.0
2024-07-10,23,18,74,64,20.5,69.0,5,5.0
2024-07-11,23,18,74,65,20.5,69.5,5,3.0
2024-07-12,23,18,73,65,20.5,69.0,5,11.0
2024-07-13,22,18,71,64,20.0,67.5,4,1.0
2024-07-14,22,16,72,61,19.0,66.5,4,8.0
2024-07-15,25,18,77,64,21.5,70.5,6,16.0
2024-07-16,25,19,76,66,22.0,71.0,5,7.0
2024-07-17,24,19,75,65,21.5,70.0,5,15.0
2024-07-18,21,18,70,65,19.5,67.5,4,2.0
2024-07-19,21,15,70,59,18.0,64.5,4,11.0
2024-07-20,23,15,73,59,19.0,66.0,5,16.0
2024-07-21,21,16,70,60,18.5,65.0,4,14.0
2024-07-22,21,14,70,56,17.5,63.0,5,15.0
2024-07-23,19,16,66,61,17.5,63.5,4,1.0
2024-07-24,20,15,68,58,17.5,63.0,4,6.0
2024-07-25,21,15,69,58,18.0,63.5,4,1.0
2024-07-26,20,14,68,58,17.0,63.0,4,8.0
2024-07-27,22,15,71,59,18.5,65.0,4,10.0
2024-07-28,23,15,74,58,19.0,66.0,5,14.0
2024-07-29,24,16,76,61,20.0,68.5,5,10.0
2024-07-30,25,16,77,60,20.5,68.5,5,13.0
2024-07-31,21,18,70,64,19.5,67.0,5,14.0
2024-08-01,23,19,73,66,21.0,69.5,5,7.0
2024-08-02,24,18,75,64,21.0,69.5,5,3.0
2024-08-03,22,19,72,67,20.5,69.5,5,3.0
2024-08-04,23,19,73,65,21.0,69.0,5,6.0
2024-08-05,23,18,74,64,20.5,69.0,4,8.0
2024-08-06,18,15,64,58,16.5,61.0,4,10.0
2024-08-07,19,14,67,58,16.5,62.5,4,11.0
2024-08-08,22,13,71,55,17.5,63.0,5,14.0
2024-08-09,21,14,70,57,17.5,63.5,4,5.0
2024-08-10,22,19,72,67,20.5,69.5,5,4.0
2024-08-11,21,15,71,59,18.0,65.0,4,9.0
2024-08-12,22,15,71,59,18.5,65.0,4,14.0
2024-08-13,21,13,69,56,17.0,62.5,4,12.0
2024-08-14,20,14,69,57,17.0,63.0,4,10.0
2024-08-15,20,15,68,58,17.5,63.0,4,6.0
2024-08-16,20,14,68,57,17.0,62.5,4,13.0
2024-08-17,20,14,68,57,17.0,62.5,5,14.0
2024-08-18,22,13,71,56,17.5,63.5,4,8.0
2024-08-19,22,16,72,62,19.0,67.0,4,3.0
2024-08-20,22,18,72,64,20.0,68.0,4,2.0
2024-08-21,18,14,64,58,16.0,61.0,4,1.0
2024-08-22,20,14,68,57,17.0,62.5,4,11.0
2024-08-23,18,13,64,55,15.5,59.5,4,10.0
2024-08-24,21,13,70,56,17.0,63.0,5,14.0
2024-08-25,22,15,72,59,18.5,65.5,5,14.0
2024-08-26,20,14,68,58,17.0,63.0,4,12.0
2024-08-27,20,14,68,57,17.0,62.5,4,9.0
2024-08-28,19,13,66,55,16.0,60.5,4,9.0
2024-08-29,17,11,63,52,14.0,57.5,4,14.0
2024-08-30,18,11,65,52,14.5,58.5,4,14.0
2024-08-31,18,11,65,52,14.5,58.5,4,13.0
2024-09-01,21,14,69,58,17.5,63.5,4,1.0
2024-09-02,18,15,65,59,16.5,62.0,4,9.0
2024-09-03,16,11,61,53,13.5,57.0,4,13.0
2024-09-04,19,12,65,54,15.5,59.5,5,13.0
2024-09-05,21,13,70,56,17.0,63.0,5,13.0
2024-09-06,20,12,69,54,16.0,61.5,4,9.0
2024-09-07,17,15,63,58,16.0,60.5,4,1.0
2024-09-08,18,13,64,56,15.5,60.0,4,3.0
2024-09-09,17,11,62,52,14.0,57.0,4,13.0
2024-09-10,18,12,64,54,15.0,59.0,3,13.0
2024-09-11,16,12,61,53,14.0,57.0,4,13.0
2024-09-12,20,13,67,55,16.5,61.0,5,13.0
2024-09-13,19,14,67,57,16.5,62.0,5,12.0
2024-09-14,18,13,64,56,15.5,60.0,5,12.0
2024-09-15,18,10,65,51,14.0,58.0,4,12.0
2024-09-16,20,13,68,56,16.5,62.0,5,12.0
2024-09-17,21,13,69,55,17.0,62.0,4,3.0
2024-09-18,22,13,71,56,17.5,63.5,4,6.0
2024-09-19,20,14,68,57,17.0,62.5,4,6.0
2024-09-20,18,14,65,58,16.0,61.5,4,1.0
2024-09-21,18,13,65,55,15.5,60.0,4,12.0
2024-09-22,17,11,62,53,14.0,57.5,3,8.0
2024-09-23,16,11,61,52,13.5,56.5,3,7.0
2024-09-24,17,11,62,52,14.0,57.0,3,10.0
2024-09-25,17,13,63,55,15.0,59.0,3,12.0
2024-09-26,15,13,60,55,14.0,57.5,3,1.0
2024-09-27,15,12,59,53,13.5,56.0,3,1.0
2024-09-28,16,12,61,54,14.0,57.5,3,2.0
2024-09-29,16,10,60,50,13.0,55.0,3,10.0
2024-09-30,15,9,59,47,12.0,53.0,3,7.0
2024-10-01,16,10,60,51,13.0,55.5,3,9.0
2024-10-02,15,8,58,46,11.5,52.0,3,9.0
2024-10-03,16,8,60,46,12.0,53.0,3,7.0
2024-10-04,16,10,61,50,13.0,55.5,3,1.0
2024-10-05,15,12,59,54,13.5,56.5,3,1.0
2024-10-06,16,12,60,54,14.0,57.0,3,7.0
2024-10-07,16,11,61,52,13.5,56.5,3,3.0
2024-10-08,16,11,60,52,13.5,56.0,3,1.0
2024-10-09,14,8,58,46,11.0,52.0,3,6.0
2024-10-10,11,9,52,49,10.0,50.5,3,9.0
2024-10-11,12,9,53,49,10.5,51.0,3,8.0
2024-10-12,13,9,56,47,11.0,51.5,3,4.0
2024-10-13,9,6,48,43,7.5,45.5,3,11.0
2024-10-14,16,8,61,46,12.0,53.5,3,1.0
2024-10-15,12,7,53,45,9.5,49.0,2,7.0
2024-10-16,9,7,48,45,8.0,46.5,2,5.0
2024-10-17,10,6,50,43,8.0,46.5,3,11.0
2024-10-18,12,6,54,43,9.0,48.5,3,11.0
2024-10-19,14,6,58,43,10.0,50.5,4,11.0
2024-10-20,15,9,60,49,12.0,54.5,4,11.0
2024-10-21,16,9,62,49,12.5,55.5,3,8.0
2024-10-22,15,9,59,49,12.0,54.0,4,11.0
2024-10-23,18,9,64,49,13.5,56.5,3,3.0
2024-10-24,15,10,60,50,12.5,55.0,3,1.0
2024-10-25,9,7,49,45,8.0,47.0,2,11.0
2024-10-26,11,6,52,44,8.5,48.0,2,1.0
2024-10-27,8,5,47,40,6.5,43.5,2,5.0
2024-10-28,6,3,43,37,4.5,40.0,1,9.0
2024-10-29,6,3,43,37,4.5,40.0,2,11.0
2024-10-30,10,3,50,38,6.5,44.0,2,1.0
2024-10-31,14,11,57,51,12.5,54.0,3,1.0
2024-11-01,16,8,61,47,12.0,54.0,3,1.0
2024-11-02,8,5,46,40,6.5,43.0,2,9.0
2024-11-03,6,3,42,37,4.5,39.5,2,10.0
2024-11-04,5,3,42,38,4.0,40.0,1,1.0
2024-11-05,12,4,53,40,8.0,46.5,2,1.0
2024-11-06,15,11,58,52,13.0,55.0,3,1.0
2024-11-07,13,7,55,44,10.0,49.5,3,10.0
2024-11-08,10,5,50,41,7.5,45.5,2,10.0
2024-11-09,7,3,45,37,5.0,41.0,1,3.0
2024-11-10,8,1,47,34,4.5,40.5,1,9.0
2024-11-11,12,8,53,47,10.0,50.0,2,1.0
2024-11-12,10,3,50,38,6.5,44.0,2,1.0
2024-11-13,2,-1,36,30,0.5,33.0,2,9.0
2024-11-14,2,0,36,32,1.0,34.0,1,8.0
2024-11-15,5,2,42,35,3.5,38.5,1,1.0
2024-11-16,7,5,44,41,6.0,42.5,2,1.0
2024-11-17,7,5,45,41,6.0,43.0,2,1.0
2024-11-18,7,5,45,41,6.0,43.0,2,1.0
2024-11-19,7,6,44,42,6.5,43.0,2,1.0
2024-11-20,7,5,45,42,6.0,43.5,2,1.0
2024-11-21,7,6,45,42,6.5,43.5,2,1.0
2024-11-22,8,5,46,42,6.5,44.0,2,1.0
2024-11-23,8,4,46,39,6.0,42.5,2,1.0
2024-11-24,6,4,43,39,5.0,41.0,1,1.0
2024-11-25,5,2,41,36,3.5,38.5,1,5.0
2024-11-26,7,5,45,41,6.0,43.0,2,4.0
2024-11-27,6,4,43,39,5.0,41.0,2,4.0
2024-11-28,6,3,44,37,4.5,40.5,1,5.0
2024-11-29,6,3,42,37,4.5,39.5,1,1.0
2024-11-30,4,3,39,38,3.5,38.5,1,6.0
2024-12-01,3,0,38,32,1.5,35.0,1,3.0
2024-12-02,2,-1,36,31,0.5,33.5,1,3.0
2024-12-03,0,-2,32,28,-1.0,30.0,1,8.0
2024-12-04,0,-3,31,26,-1.5,28.5,1,1.0
2024-12-05,6,-1,44,30,2.5,37.0,1,1.0
2024-12-06,4,-3,39,26,0.5,32.5,1,1.0
2024-12-07,-4,-5,25,22,-4.5,23.5,1,1.0
2024-12-08,3,-6,37,22,-1.5,29.5,1,1.0
2024-12-09,1,-2,34,28,-0.5,31.0,1,9.0
2024-12-10,4,-3,39,26,0.5,32.5,1,1.0
2024-12-11,15,4,59,38,9.5,48.5,2,1.0
2024-12-12,14,3,57,38,8.5,47.5,2,3.0
2024-12-13,3,-2,37,28,0.5,32.5,1,4.0
2024-12-14,-1,-4,30,25,-2.5,27.5,2,9.0
2024-12-15,0,-4,32,25,-2.0,28.5,2,9.0
2024-12-16,3,-2,38,29,0.5,33.5,2,9.0
2024-12-17,8,0,47,32,4.0,39.5,1,1.0
2024-12-18,5,2,42,36,3.5,39.0,1,8.0
2024-12-19,6,1,42,34,3.5,38.0,1,1.0
2024-12-20,-1,-3,31,26,-2.0,28.5,1,4.0
2024-12-21,0,-3,31,26,-1.5,28.5,1,1.0
2024-12-22,-4,-9,24,16,-6.5,20.0,1,1.0
2024-12-23,-6,-8,21,18,-7.0,19.5,1,9.0
2024-12-24,1,-6,34,21,-2.5,27.5,1,1.0
2024-12-25,1,0,34,31,0.5,32.5,1,1.0
2024-12-26,0,-2,32,28,-1.0,30.0,1,3.0
2024-12-27,3,-4,38,24,-0.5,31.0,2,9.0
2024-12-28,3,-2,38,28,0.5,33.0,1,9.0
2024-12-29,5,2,41,36,3.5,38.5,1,1.0
2024-12-30,11,5,52,41,8.0,46.5,2,1.0
2024-12-31,9,3,48,38,6.0,43.0,2,8.0
2025-01-01,5,0,42,32,2.5,37.0,1,1.0
2025-01-02,5,1,42,33,3.0,37.5,1,1.0
2025-01-03,0,-1,32,29,-0.5,30.5,1,1.0
2025-01-04,-1,-6,30,21,-3.5,25.5,1,1.0
2025-01-05,-7,-9,20,16,-8.0,18.0,1,1.0
2025-01-06,-2,-7,28,19,-4.5,23.5,1,8.0
2025-01-07,-2,-5,28,23,-3.5,25.5,1,1.0
2025-01-08,-2,-5,29,24,-3.5,26.5,1,1.0
2025-01-09,0,-6,31,22,-3.0,26.5,1,1.0
2025-01-10,1,-1,34,31,0.0,32.5,1,8.0
2025-01-11,0,-1,32,29,-0.5,30.5,1,1.0
2025-01-12,-1,-2,30,28,-1.5,29.0,1,1.0
2025-01-13,-1,-2,30,28,-1.5,29.0,1,1.0
2025-01-14,0,-3,32,26,-1.5,29.0,1,1.0
2025-01-15,-1,-4,29,24,-2.5,26.5,1,1.0
2025-01-16,-4,-6,25,20,-5.0,22.5,1,5.0
2025-01-17,-2,-6,28,21,-4.0,24.5,1,1.0
2025-01-18,3,-6,38,22,-1.5,30.0,1,3.0
2025-01-19,7,3,44,37,5.0,40.5,1,1.0
2025-01-20,1,-8,34,17,-3.5,25.5,1,1.0
2025-01-21,-6,-12,20,11,-9.0,15.5,1,4.0
2025-01-22,-8,-12,18,10,-10.0,14.0,1,10.0
2025-01-23,-2,-10,28,14,-6.0,21.0,1,2.0
2025-01-24,-2,-6,29,22,-4.0,25.5,2,10.0
2025-01-25,-5,-8,23,18,-6.5,20.5,2,10.0
2025-01-26,1,-5,33,23,-2.0,28.0,1,1.0
2025-01-27,2,-4,35,24,-1.0,29.5,1,2.0
2025-01-28,3,-11,37,13,-4.0,25.0,1,1.0
2025-01-29,-4,-11,25,13,-7.5,19.0,1,3.0
2025-01-30,-7,-11,20,11,-9.0,15.5,1,1.0
2025-01-31,3,-10,37,14,-3.5,25.5,1,1.0
2025-02-01,-2,-11,28,12,-6.5,20.0,1,7.0
2025-02-02,-8,-12,17,11,-10.0,14.0,1,10.0
2025-02-03,3,-8,37,17,-2.5,27.0,1,1.0
2025-02-04,2,-6,36,22,-2.0,29.0,1,2.0
2025-02-05,-6,-11,21,11,-8.5,16.0,1,5.0
2025-02-06,0,-9,33,16,-4.5,24.5,1,2.0
2025-02-07,3,-2,37,28,0.5,32.5,1,6.0
2025-02-08,-3,-5,27,23,-4.0,25.0,1,3.0
2025-02-09,-4,-9,26,15,-6.5,20.5,1,1.0
2025-02-10,-3,-16,27,4,-9.5,15.5,1,8.0
2025-02-11,-1,-9,31,15,-5.0,23.0,1,8.0
2025-02-12,-3,-12,27,10,-7.5,18.5,2,10.0
2025-02-13,5,-13,41,9,-4.0,25.0,1,1.0
2025-02-14,1,-8,35,18,-3.5,26.5,1,1.0
2025-02-15,-6,-11,21,13,-8.5,17.0,2,10.0
2025-02-16,1,-8,34,18,-3.5,26.0,1,1.0
2025-02-17,6,-8,43,18,-1.0,30.5,1,1.0
2025-02-18,-7,-10,19,13,-8.5,16.0,1,1.0
2025-02-19,-2,-9,28,15,-5.5,21.5,1,1.0
2025-02-20,-2,-5,28,23,-3.5,25.5,1,3.0
2025-02-21,-2,-4,29,26,-3.0,27.5,1,1.0
2025-02-22,-3,-7,27,19,-5.0,23.0,1,6.0
2025-02-23,1,-5,34,22,-2.0,28.0,1,2.0
2025-02-24,0,-5,32,23,-2.5,27.5,1,8.0
2025-02-25,7,0,44,32,3.5,38.0,1,1.0
2025-02-26,4,2,38,36,3.0,37.0,1,1.0
2025-02-27,5,-5,41,23,0.0,32.0,1,7.0
2025-02-28,6,-3,43,27,1.5,35.0,1,8.0
2025-03-01,5,-8,41,18,-1.5,29.5,1,1.0
2025-03-02,5,-7,41,19,-1.0,30.0,1,1.0
2025-03-03,-6,-11,20,12,-8.5,16.0,1,9.0
2025-03-04,2,-7,36,19,-2.5,27.5,1,12.0
2025-03-05,7,2,45,36,4.5,40.5,1,1.0
2025-03-06,12,7,53,45,9.5,49.0,2,1.0
2025-03-07,10,-5,50,24,2.5,37.0,1,1.0
2025-03-08,-1,-4,30,25,-2.5,27.5,1,1.0
2025-03-09,0,-5,32,23,-2.5,27.5,1,12.0
2025-03-10,1,-2,33,29,-0.5,31.0,1,7.0
2025-03-11,8,-3,46,27,2.5,36.5,2,12.0
2025-03-12,6,-4,42,26,1.0,34.0,1,10.0
2025-03-13,2,-5,35,24,-1.5,29.5,1,9.0
2025-03-14,8,-3,47,26,2.5,36.5,1,12.0
2025-03-15,10,0,51,32,5.0,41.5,1,5.0
2025-03-16,13,5,55,40,9.0,47.5,2,1.0
2025-03-17,15,9,58,48,12.0,53.0,3,1.0
2025-03-18,9,1,49,34,5.0,41.5,1,1.0
2025-03-19,11,0,51,32,5.5,41.5,2,12.0
2025-03-20,13,1,55,34,7.0,44.5,2,1.0
2025-03-21,10,3,50,38,6.5,44.0,2,1.0
2025-03-22,7,1,45,33,4.0,39.0,1,12.0
2025-03-23,5,-2,40,29,1.5,34.5,1,7.0
2025-03-24,3,-3,37,26,0.0,31.5,1,1.0
2025-03-25,7,2,44,35,4.5,39.5,1,3.0
2025-03-26,9,1,48,34,5.0,41.0,1,7.0
2025-03-27,4,1,39,33,2.5,36.0,1,4.0
2025-03-28,6,0,43,32,3.0,37.5,1,4.0
2025-03-29,2,-3,35,27,-0.5,31.0,1,5.0
2025-03-30,3,0,37,33,1.5,35.0,1,1.0
2025-03-31,10,0,51,33,5.0,42.0,2,1.0
2025-04-01,10,1,50,33,5.5,41.5,2,4.0
2025-04-02,1,-4,33,25,-1.5,29.0,2,11.0
2025-04-03,7,-1,44,30,3.0,37.0,1,1.0
2025-04-04,10,3,49,37,6.5,43.0,2,12.0
2025-04-05,6,0,43,32,3.0,37.5,1,7.0
2025-04-06,8,1,46,33,4.5,39.5,1,3.0
2025-04-07,4,1,40,34,2.5,37.0,1,7.0
2025-04-08,2,0,35,31,1.0,33.0,1,1.0
2025-04-09,2,-1,36,30,0.5,33.0,1,11.0
2025-04-10,5,0,41,31,2.5,36.0,2,14.0
2025-04-11,7,0,44,31,3.5,37.5,1,7.0
2025-04-12,6,1,43,34,3.5,38.5,1,5.0
2025-04-13,6,3,43,37,4.5,40.0,1,2.0
2025-04-14,5,1,40,34,3.0,37.0,1,1.0
2025-04-15,10,4,51,39,7.0,45.0,2,6.0
2025-04-16,9,4,48,40,6.5,44.0,2,10.0
2025-04-17,7,3,45,37,5.0,41.0,2,14.0
2025-04-18,9,3,48,37,6.0,42.5,3,14.0
2025-04-19,16,6,60,43,11.0,51.5,2,1.0
2025-04-20,10,5,50,41,7.5,45.5,2,12.0
2025-04-21,9,2,48,36,5.5,42.0,3,14.0
2025-04-22,5,4,41,39,4.5,40.0,1,1.0
2025-04-23,12,4,53,39,8.0,46.0,2,11.0
2025-04-24,11,4,53,39,7.5,46.0,3,13.0
2025-04-25,13,6,56,43,9.5,49.5,2,7.0
2025-04-26,12,6,54,42,9.0,48.0,2,1.0
2025-04-27,14,4,57,39,9.0,48.0,2,1.0
2025-04-28,14,4,58,38,9.0,48.0,2,11.0
2025-04-29,13,5,56,42,9.0,49.0,2,12.0
2025-04-30,11,7,52,44,9.0,48.0,2,13.0
2025-05-01,10,3,50,38,6.5,44.0,2,14.0
2025-05-02,12,6,54,43,9.0,48.5,2,1.0
2025-05-03,17,7,62,45,12.0,53.5,3,6.0
2025-05-04,12,8,54,47,10.0,50.5,2,2.0
2025-05-05,17,8,62,47,12.5,54.5,3,2.0
2025-05-06,18,7,64,44,12.5,54.0,3,1.0
2025-05-07,16,10,62,49,13.0,55.5,3,1.0
2025-05-08,16,8,60,47,12.0,53.5,3,1.0
2025-05-09,15,5,60,41,10.0,50.5,2,1.0
2025-05-10,13,6,55,43,9.5,49.0,2,1.0
2025-05-11,12,5,53,42,8.5,47.5,2,4.0
2025-05-12,12,6,53,42,9.0,47.5,2,14.0
2025-05-13,14,7,57,44,10.5,50.5,4,15.0
2025-05-14,17,8,63,46,12.5,54.5,4,15.0
2025-05-15,21,10,70,50,15.5,60.0,4,1.0
2025-05-16,19,13,66,55,16.0,60.5,4,1.0
2025-05-17,17,8,63,47,12.5,55.0,3,4.0
2025-05-18,19,9,66,48,14.0,57.0,3,1.0
2025-05-19,11,6,52,43,8.5,47.5,2,1.0
2025-05-20,7,4,45,40,5.5,42.5,2,1.0
2025-05-21,10,4,49,39,7.0,44.0,2,10.0
2025-05-22,11,4,52,39,7.5,45.5,2,1.0
2025-05-23,12,5,53,40,8.5,46.5,2,1.0
2025-05-24,10,7,49,45,8.5,47.0,2,4.0
2025-05-25,7,6,45,43,6.5,44.0,2,1.0
2025-05-26,8,5,47,41,6.5,44.0,2,8.0
2025-05-27,13,6,55,43,9.5,49.0,2,15.0
2025-05-28,15,9,59,49,12.0,54.0,4,15.0
2025-05-29,13,9,55,49,11.0,52.0,3,2.0
2025-05-30,12,10,54,50,11.0,52.0,3,1.0
2025-05-31,16,11,61,52,13.5,56.5,3,1.0
2025-06-01,12,9,53,49,10.5,51.0,3,9.0
2025-06-02,12,8,53,46,10.0,49.5,3,16.0
2025-06-03,13,5,55,42,9.0,48.5,2,12.0
2025-06-04,17,7,63,45,12.0,54.0,3,11.0
2025-06-05,18,13,64,55,15.5,59.5,4,16.0
2025-06-06,13,10,55,51,11.5,53.0,3,6.0
2025-06-07,16,11,60,52,13.5,56.0,3,1.0
2025-06-08,15,11,59,52,13.0,55.5,3,9.0
2025-06-09,14,11,58,52,12.5,55.0,3,1.0
2025-06-10,17,9,62,49,13.0,55.5,3,4.0
2025-06-11,14,11,58,51,12.5,54.5,3,14.0
2025-06-12,15,11,60,52,13.0,56.0,3,12.0
2025-06-13,12,9,54,49,10.5,51.5,3,14.0
2025-06-14,11,8,51,46,9.5,48.5,2,5.0
2025-06-15,12,8,54,46,10.0,50.0,2,12.0
2025-06-16,13,7,55,45,10.0,50.0,2,11.0
2025-06-17,17,10,62,50,13.5,56.0,3,11.0
2025-06-18,16,13,61,56,14.5,58.5,3,1.0
2025-06-19,19,16,66,61,17.5,63.5,4,1.0
2025-06-20,17,12,63,54,14.5,58.5,4,7.0
2025-06-21,18,11,64,52,14.5,58.0,4,16.0
2025-06-22,16,13,62,56,14.5,59.0,3,2.0
2025-06-23,18,12,64,53,15.0,58.5,3,12.0
2025-06-24,19,13,66,55,16.0,60.5,4,9.0
2025-06-25,21,15,69,59,18.0,64.0,4,16.0
2025-06-26,15,12,59,53,13.5,56.0,3,16.0
2025-06-27,15,7,58,44,11.0,51.0,3,8.0
2025-06-28,14,10,57,49,12.0,53.0,3,1.0
2025-06-29,16,12,60,54,14.0,57.0,3,1.0
2025-06-30,17,13,63,55,15.0,59.0,3,8.0
2025-07-01,20,14,68,57,17.0,62.5,4,1.0
2025-07-02,19,14,66,57,16.5,61.5,4,4.0
2025-07-03,19,16,67,60,17.5,63.5,4,6.0
2025-07-04,16,12,61,54,14.0,57.5,3,9.0
2025-07-05,17,10,62,50,13.5,56.0,3,16.0
2025-07-06,18,14,65,58,16.0,61.5,4,11.0
2025-07-07,20,15,68,58,17.5,63.0,4,5.0
2025-07-08,17,14,63,58,15.5,60.5,4,1.0
2025-07-09,17,14,62,57,15.5,59.5,4,6.0
2025-07-10,21,15,70,59,18.0,64.5,4,8.0
2025-07-11,16,15,61,58,15.5,59.5,4,5.0
2025-07-12,18,12,65,53,15.0,59.0,3,11.0
2025-07-13,18,14,64,58,16.0,61.0,4,14.0
2025-07-14,20,13,67,56,16.5,61.5,4,7.0
2025-07-15,19,15,66,59,17.0,62.5,4,1.0
2025-07-16,22,17,71,62,19.5,66.5,4,11.0
2025-07-17,21,17,69,63,19.0,66.0,4,1.0
2025-07-18,19,12,66,54,15.5,60.0,4,2.0
2025-07-19,21,14,69,57,17.5,63.0,5,16.0
2025-07-20,19,15,66,60,17.0,63.0,4,1.0
2025-07-21,15,13,59,56,14.0,57.5,3,5.0
2025-07-22,18,13,64,55,15.5,59.5,4,15.0
2025-07-23,19,13,66,56,16.0,61.0,5,14.0
2025-07-24,20,14,67,57,17.0,62.0,4,14.0
2025-07-25,21,16,70,60,18.5,65.0,4,9.0
2025-07-26,20,15,68,59,17.5,63.5,5,14.0
2025-07-27,21,14,70,57,17.5,63.5,5,14.0
2025-07-28,19,14,66,58,16.5,62.0,4,4.0
2025-07-29,18,15,65,58,16.5,61.5,4,1.0
2025-07-30,20,15,69,60,17.5,64.5,4,10.0
2025-07-31,18,14,64,56,16.0,60.0,4,6.0
2025-08-01,17,14,63,57,15.5,60.0,4,1.0
2025-08-02,17,14,62,57,15.5,59.5,3,8.0
2025-08-03,19,14,66,58,16.5,62.0,5,14.0
2025-08-04,18,14,65,57,16.0,61.0,5,12.0
2025-08-05,19,14,66,57,16.5,61.5,4,3.0
2025-08-06,17,13,63,56,15.0,59.5,3,14.0
2025-08-07,19,14,67,58,16.5,62.5,5,14.0
2025-08-08,18,14,65,57,16.0,61.0,5,14.0
2025-08-09,19,12,65,53,15.5,59.0,5,14.0
2025-08-10,18,13,65,55,15.5,60.0,4,8.0
2025-08-11,20,14,68,57,17.0,62.5,5,14.0
2025-08-12,22,17,71,63,19.5,67.0,4,11.0
2025-08-13,21,17,70,63,19.0,66.5,4,10.0
2025-08-14,19,16,65,61,17.5,63.0,4,1.0
2025-08-15,18,14,65,58,16.0,61.5,5,14.0
2025-08-16,19,12,66,54,15.5,60.0,5,14.0
2025-08-17,21,12,70,54,16.5,62.0,4,8.0
2025-08-18,16,12,62,53,14.0,57.5,4,14.0
2025-08-19,16,12,61,54,14.0,57.5,3,10.0
2025-08-20,18,13,64,56,15.5,60.0,3,3.0
2025-08-21,19,14,66,57,16.5,61.5,4,14.0
2025-08-22,19,12,66,54,15.5,60.0,4,9.0
2025-08-23,21,12,70,53,16.5,61.5,5,14.0
2025-08-24,19,14,67,58,16.5,62.5,4,13.0
2025-08-25,20,17,69,62,18.5,65.5,4,3.0
2025-08-26,18,13,65,56,15.5,60.5,4,2.0
2025-08-27,17,12,62,54,14.5,58.0,3,10.0
2025-08-28,16,12,61,53,14.0,57.0,3,14.0
2025-08-29,19,13,66,56,16.0,61.0,4,4.0
2025-08-30,18,13,64,56,15.5,60.0,4,5.0
2025-08-31,16,11,60,51,13.5,55.5,3,7.0
2025-09-01,18,10,64,50,14.0,57.0,3,9.0
2025-09-02,17,12,62,54,14.5,58.0,3,1.0
2025-09-03,16,11,61,51,13.5,56.0,3,8.0
2025-09-04,15,9,59,49,12.0,54.0,3,9.0
2025-09-05,20,14,67,56,17.0,61.5,4,7.0
2025-09-06,22,16,71,61,19.0,66.0,4,8.0
2025-09-07,18,15,65,60,16.5,62.5,4,1.0
2025-09-08,14,11,57,53,12.5,55.0,3,1.0
2025-09-09,16,10,60,50,13.0,55.0,3,12.0
2025-09-10,17,11,62,52,14.0,57.0,3,1.0
2025-09-11,16,14,61,57,15.0,59.0,3,9.0
2025-09-12,16,12,60,53,14.0,56.5,4,13.0
2025-09-13,16,11,61,51,13.5,56.0,3,10.0
2025-09-14,16,11,60,52,13.5,56.0,3,12.0
2025-09-15,16,10,60,49,13.0,54.5,3,7.0
2025-09-16,15,9,59,48,12.0,53.5,3,8.0
2025-09-17,16,9,61,49,12.5,55.0,3,10.0
2025-09-18,14,10,58,50,12.0,54.0,3,3.0
2025-09-19,15,12,59,54,13.5,56.5,3,1.0
2025-09-20,12,9,53,47,10.5,50.0,4,12.0
2025-09-21,16,11,61,51,13.5,56.0,4,12.0
2025-09-22,17,10,63,51,13.5,57.0,3,11.0
2025-09-23,15,12,58,53,13.5,55.5,3,1.0
2025-09-24,16,13,61,56,14.5,58.5,3,9.0
2025-09-25,17,13,63,55,15.0,59.0,3,5.0
2025-09-26,18,14,64,57,16.0,60.5,4,1.0
2025-09-27,13,10,55,49,11.5,52.0,3,11.0
2025-09-28,16,10,61,49,13.0,55.0,3,8.0
2025-09-29,15,11,59,51,13.0,55.0,3,10.0
2025-09-30,15,11,59,52,13.0,55.5,4,12.0
2025-10-01,12,9,54,48,10.5,51.0,4,12.0
2025-10-02,13,7,55,44,10.0,49.5,3,12.0
2025-10-03,15,11,59,51,13.0,55.0,4,11.0
2025-10-04,16,13,60,55,14.5,57.5,3,11.0
2025-10-05,14,11,57,52,12.5,54.5,3,11.0
2025-10-06,19,13,66,56,16.0,61.0,5,11.0
2025-10-07,16,14,61,57,15.0,59.0,3,3.0
2025-10-08,16,9,60,49,12.5,54.5,3,1.0
2025-10-09,9,7,48,44,8.0,46.0,3,11.0
2025-10-10,11,7,51,44,9.0,47.5,3,11.0
2025-10-11,13,9,55,49,11.0,52.0,3,10.0
2025-10-12,13,8,55,47,10.5,51.0,3,2.0
2025-10-13,15,10,60,51,12.5,55.5,3,9.0
2025-10-14,11,8,52,46,9.5,49.0,3,4.0
2025-10-15,12,7,54,44,9.5,49.0,2,9.0
2025-10-16,10,8,50,46,9.0,48.0,2,1.0
2025-10-17,10,9,50,48,9.5,49.0,2,1.0
2025-10-18,11,9,51,49,10.0,50.0,2,5.0
2025-10-19,12,10,53,49,11.0,51.0,3,9.0
2025-10-20,11,8,52,46,9.5,49.0,2,1.0
2025-10-21,14,11,56,52,12.5,54.0,3,11.0
2025-10-22,16,11,61,52,13.5,56.5,3,4.0
2025-10-23,14,10,57,51,12.0,54.0,3,4.0
2025-10-24,12,10,53,50,11.0,51.5,4,11.0
2025-10-25,10,7,49,44,8.5,46.5,2,4.0
2025-10-26,10,7,50,45,8.5,47.5,2,1.0
2025-10-27,9,8,47,46,8.5,46.5,2,1.0
2025-10-28,9,7,47,44,8.0,45.5,2,1.0
2025-10-29,9,7,49,44,8.0,46.5,2,5.0
2025-10-30,11,7,52,45,9.0,48.5,2,1.0
2025-10-31,16,10,61,50,13.0,55.5,3,4.0
2025-11-01,11,6,51,43,8.5,47.0,2,5.0
2025-11-02,7,4,45,39,5.5,42.0,3,10.0
2025-11-03,10,5,51,40,7.5,45.5,2,10.0
2025-11-04,8,7,47,44,7.5,45.5,2,1.0
2025-11-05,8,6,47,42,7.0,44.5,2,9.0
2025-11-06,7,4,45,39,5.5,42.0,2,2.0
2025-11-07,7,3,44,37,5.0,40.5,1,10.0
2025-11-08,11,7,53,44,9.0,48.5,2,1.0
2025-11-09,9,4,48,40,6.5,44.0,2,8.0
2025-11-10,16,6,60,42,11.0,51.0,3,2.0
2025-11-11,16,2,61,36,9.0,48.5,2,1.0
2025-11-12,5,1,41,34,3.0,37.5,1,4.0
2025-11-13,5,2,41,36,3.5,38.5,1,8.0
2025-11-14,5,1,41,33,3.0,37.0,1,1.0
2025-11-15,3,-1,37,30,1.0,33.5,1,1.0
2025-11-16,8,4,47,38,6.0,42.5,2,1.0
2025-11-17,5,3,41,37,4.0,39.0,1,1.0
2025-11-18,4,2,39,35,3.0,37.0,1,1.0
2025-11-19,4,2,40,35,3.0,37.5,1,1.0
2025-11-20,5,3,41,37,4.0,39.0,2,9.0
2025-11-21,6,-1,42,30,2.5,36.0,1,7.0
2025-11-22,7,2,44,36,4.5,40.0,2,1.0
2025-11-23,4,1,39,34,2.5,36.5,2,9.0
2025-11-24,4,2,39,36,3.0,37.5,1,2.0
2025-11-25,8,4,47,38,6.0,42.5,2,4.0
2025-11-26,11,8,53,47,9.5,50.0,2,1.0
2025-11-27,11,6,51,42,8.5,46.5,2,1.0
2025-11-28,6,3,42,38,4.5,40.0,1,1.0
2025-11-29,3,1,37,33,2.0,35.0,1,1.0
2025-11-30,7,0,44,33,3.5,38.5,1,1.0
